Grupo Empresarial;Código;Descrição;Conta Contábil;
FECD;GRANT001.1.1.07.24;ANUIDADES;21704003;
FECD;FECD001.1.1.03.01;PASSAGENS NACIONAIS;45005013;
FECD;PROJ001.1.4.02.01;DESCONTOS OBTIDOS;21401003;
FECD;FECD001.1.4.01.037;BANCO ITAÚ C/C 14.353-3 - WHO GILBERTO KAC;35001006;
FECD;IMP004.01;FECHAMENTO DE CÂMBIO;21104002;
FECD;GRANT001.1.1.04.12;PARTES E PEÇAS;21704015;
FECD;A1.2.4.03;Notebook ou Desktop (1 un.);21304004;
FECD;PROJ001.1.1.07.15;GRÁFICOS;21504022;
FECD;FECD001.1.4.02.022;BANCO ITAÚ C/C 99.881-1 - ANA PAULA MRC FAPESP;35001005;
FECD;FECD001.1.4.02.008;BANCO ITAÚ C/C 99.896-9 - LVM - ABBOTT NASAL;35001005;
FECD;FECD001.1.4.01.001;BANCO DO BRASIL C/C 10.758-1 - WORSHOP FITOTERAPIA;35001006;
FECD;IMP004.50;(+) RENDIMENTOS DE APLICAÇÃO FINANCEIRA;21104002;
FECD;PROJ001.1.1.04.08;ÁGUA;21504015;
FECD;A1.2.2.02;Materiais de Uso e Consumo (unidades variadas) Projeto Praia Com Vida;21304015;
FECD;FECD001.1.1.07.03;XEROX;45005005;
FECD;PROJ002.1.1.06.01;PRESTAÇÕES DE SERVIÇOS (AUTÔNOMO);21501020;
FECD;TEP001.1.1.07.07;ISS;21306004;
FECD;PROJ002.1.4.01.03;INSCRICOES (ADMINISTRACAO);21401002;
FECD;TEP001.1.1.06.01;PRESTAÇÕES DE SERVIÇOS (AUTÔNOMO);21302001;
FECD;PROJ002.1.1.04.01;REAGENTES;21504021;
FECD;A1.4.1.08;Salários, Encargos e Benefícios;21301038;
FECD;TEP001.1.1.04.11;GASES INDUSTRIAIS;21304025;
FECD;GRANT002.1.1.06.02;INSS;21701012;
FECD;TEP001.1.1.04.04;RAÇÃO;21304025;
FECD;FECD001.1.1.10.12;AUXILIO REFEIÇÃO;45001012;
FECD;FECD001.1.1.12.01;DOAÇÕES;45005034;
FECD;FECD001.1.4.01.047;BANCO ITAÚ C/C 99.870-4 - BIOCHIMICO PROF. LUCIO;35001006;
FECD;PROJ001.1.1.01.01;INICIAÇÃO CIENTÍFICA;21501004;
FECD;A1.3.1.03;Diária para saídas de campo e eventos (1 diária);21301024;
FECD;FECD001.1.4.01.029;BANCO DO BRASIL C/C 8.831-5 - JNUTCLIN;35001006;
FECD;IMP004.91;GANHO DE CAPITAL;21104002;
FECD;GRANT001.1.1.06.03;IRRF;21701014;
FECD;PROJ001.1.1.07.13;CORREIOS E POSTAGENS;21504029;
FECD;FECD001.1.4.02.009;BANCO ITAÚ C/C 99.895-1 - LVM ABBOTT ASSINTOMATICOS;35001005;
FECD;TEP001.1.1.01.04;PÓS DOUTORADO;21301023;
FECD;GRANT002.1.3.01.03;(-) RETRAÇÃO (ADMINISTRAÇÃO);21602002;
FECD;FECD001.1.1.10.28;OUTRAS PROVISÕES;45001031;
FECD;FECD001.1.4.02.007;BANCO ITAÚ C/C 99.897-7 - LVM - FIND;35001005;
FECD;PROJ001.1.1.01.11;PESQUISA;21501004;
FECD;TEP001.1.1.04.09;MATERIAL P/ COFFEE BREAK;21304005;
FECD;FECD001.1.1.04.15;CARTÃO DE CRÉDITO;21101015;
FECD;IMP004.10;RECEITA ANTECIPADA DE IMPORTAÇÃO;21104002;
FECD;A1.1.2.02;Materiais de Uso e Consumo (unidades variadas);21304015;
FECD;PROJ001.1.1.07.01;PRESTAÇÃO DE SERVIÇOS ;21502003;
FECD;1.2.3;Seguros;21307001;
FECD;FECD001.1.4.03.009;BANCO ITAÚ C/C 14.401-0 - BIOGEOMAR;35001009;
FECD;PROJ001.1.1.07.18;TELEFONE;21503002;
FECD;PROJ002.1.1.04.07;MATERIAL DE INFORMÁTICA;21507007;
FECD;IMP004.99;DEVOLUÇÕES DE IMPORTAÇÃO;21104002;
FECD;A2.1.2.01;Diária para saídas de campo e eventos;21301024;
FECD;A1.3.2.05;Impressão;21307004;
FECD;FECD001.1.4.01.068;BANCO ITAÚ C/C 99.832-4 ARCELOMITTAL (VOTORANTIN);35001006;
FECD;A2.1.3.01;Combustível para veículos e embarcações (litro);21304006;
FECD;TEP001.1.1.07.21;CARTORIO;21302003;
FECD;PROJ002.1.1.05.01;REAGENTES;21504021;
FECD;FECD001.1.1.10.11;VALE TRANSPORTE;45001011;
FECD;2.1.1;Equipamentos de Comunicação e TIC;21304004;
FECD;1.6.1;Material de Comunicação;21308003;
FECD;GRANT001.1.4.01.04;RECEITAS ANTECIPADAS;21601001;
FECD;FECD001.1.1.10.30;RESCISÃO;5001014;
FECD;PROJ001.1.1.02.01;DIÁRIAS NACIONAIS;21501005;
FECD;TEP001.1.1.06.03;IRRF;21306001;
FECD;PROJ001.1.1.10.04;PIS - FOLHA DE PAGAMENTO - PROJETOS;21501016;
FECD;GRANT001.1.1.05.02;ANIMAIS;21704025;
FECD;A1.2.1.01;Bolsa de Pós-doutorado incluindo impostos (Patricia Mancini);21301023;
FECD;A2.1.1.03;Camisetas para Equipe do Projeto (1 un.);21304015;
FECD;FECD001.1.4.01.005;BANCO DO BRASIL C/C 10.787-5 - LIGHT S/A;35001006;
FECD;FECD001.1.4.02.031;BANCO ITAÚ C/C 99.841-5 - HOLISTIC;35001005;
FECD;FECD001.1.1.10.18;CONTRIBUIÇÃO PATRONAL;45001016;
FECD;GRANT001.1.1.07.02;DESPESAS BANCÁRIAS;21705003;
FECD;GRANT001.1.1.04.06;MATERIAL DE PAPELARIA;21707004;
FECD;TEP001.1.1.07.08;IRRF NFS;21306005;
FECD;A1.1.2.03;Seguros para pessoas e equipamentos em saída de campo (1 un.);21304028;
FECD;FECD001.1.1.04.01;REAGENTES;45005035;
FECD;FECD001.1.4.01.025;BANCO DO BRASIL C/C 7.868-9 - FUNDAÇÃO EDUC. CIÊNCIA E DESENVOLVIMENTO FECD;35001006;
FECD;TEP001.1.1.07.12;LOCAÇÃO URBANA;21307001;
FECD;TEP001.1.1.01.05;DTI - B;21301023;
FECD;TEP001.1.1.03.01;PASSAGENS NACIONAIS;21304024;
FECD;FECD001.1.1.10.21;PROVISÃO DE3 13. SALARIO;45001024;
FECD;GRANT002.1.1.02.01;DIÁRIAS NACIONAIS;21701005;
FECD;TEP001.1.1.07.24;ANUIDADES;21304003;
FECD;PROJ001.1.1.07.26;JUROS / MULTA;21505002;
FECD;FECD001.1.4.02.012;BANCO ITAÚ C/C 99.887-8 - LVM OMICRON;35001005;
FECD;A2.1.1.02;Bolsa Extensão - A definir (mês) Projeto Oceanos NUPEM Bruna (Mês);21301023;
FECD;TEP001.1.1.03.02;PASSAGENS INTERNACIONAIS;21304024;
FECD;TEP001.1.1.07.19;SEGUROS;21302003;
FECD;TEP001.1.3.01.02;(+) RENDIMENTOS;21202001;
FECD;FECD001.1.4.02.018;BANCO ITAÚ C/C 99.875-3 - GRANT RKI CLARISSA;35001005;
FECD;FECD001.1.1.10.10;ADICIONAL DE INSALUBRIDADE;45001020;
FECD;FECD001.1.4.03.018;BANCO ITAÚ C/C 99.898-5 - TUBAROES - ELASMOTOX;35001004;
FECD;2.1.3;Móveis e Utensílios;21304004;
FECD;A1.3.2.01;Câmera para mergulho;21304004;
FECD;FECD001.2.1.01;INSS;35002009;
FECD;FECD001.1.1.07.09;PIS / COFINS / CSLL;21103006;
FECD;FECD001.1.4.01.040;BANCO ITAU C/C 14.385-5 - NOVARTIS - APCAL;35001006;
FECD;FECD001.1.1.11.02;MULTAS E JUROS;45006001;
FECD;IMP004.11;RECEITA DE IMPORTAÇÃO;21104002;
FECD;GRANT002.1.1.03.02;PASSAGENS INTERNACIONAIS;21704024;
FECD;GRANT001.1.1.01.01;INICIAÇÃO CIENTÍFICA;21701004;
FECD;TEP001.1.1.07.17;LOCOMOÇÃO URBANA;21304007;
FECD;PROJ001.1.1.07.28;IRRF SOBRE PAGAMENTOS P/ EXTERIOR;21506006;
FECD;FECD001.1.1.04.05;MATERIAL DE LIMPEZA;45005018;
FECD;PROJ001.1.1.07.22;INSCRIÇÕES EM CONGRESSO OU CURSOS;21507010;
FECD;PROJ001.1.2.01.02;MAQUINAS E EQUIPAMENTOS;21504004;
FECD;FECD001.1.1.04.07;MATERIAL DE INFORMÁTICA;45005036;
FECD;PROJ001.1.1.07.02;DESPESAS BANCÁRIAS;21505003;
FECD;FECD001.1.1.10.20;PROVISAO 1/3 FERIAS;45001023;
FECD;TEP001.1.1.01.03;DOUTORADO;21301023;
FECD;PROJ001.1.1.10.05;GRATIFICAÇÕES - PROJETOS;21501022;
FECD;FECD001.1.1.07.13;CORREIOS E POSTAGENS;45005003;
FECD;FECD001.1.1.03.02;PASSAGENS INTERNACIONAIS;45005013;
FECD;FECD001.1.1.01.03;DOUTORADO;45005004;
FECD;FECD001.1.1.04.12;PARTES E PEÇAS;45005029;
FECD;GRANT001.1.1.01.06;DESENVOLVEDOR DE PROTOCOLOS CIENTÍFICOS ;21701004;
FECD;TEP001.1.1.07.13;CORREIOS E POSTAGENS;21307007;
FECD;TEP001.1.1.02.03;DIÁRIAS DE CAMPO;21301024;
FECD;FECD001.1.4.02.002;BANCO ITAÚ C/C 14.340-0 - PROFª. ANA PAULA;35001005;
FECD;A1.5.2.03;Gastos com manutenção de veículos do Projeto (Revisão, manutenção, IPVA, seguro);21307010;
FECD;FECD001.1.4.02;RECEITAS ORDINÁRIAS GRANTS;;
FECD;GRANT001.1.1.04.99;PERDAS EM COMPRAS DE MATERIAL DE CONSUMO NACIONAL;21704015;
FECD;PROJ001.1.1.03.02;PASSAGENS INTERNACIONAIS;21504024;
FECD;1.3.2;Contas de Consumo;21304015;
FECD;TEP001.1.1.01.02;MESTRADO;21301023;
FECD;FECD001.1.4.03.017;BANCO ITAÚ C/C 99.893-6 - REDE D OR;35001009;
FECD;PROJ001.1.1.04.10;COMBUSTÍVEIS;21504006;
FECD;FECD001.1.4.02.014;BANCO ITAÚ C/C 99.883-7 - BARTIRA - GRANTS;35001005;
FECD;FECD001.1.1.10.24;PROVISÃO INSS FERIAS;45001027;
FECD;GRANT001.1.4.01.01;GRANTS;21601001;
FECD;PROJ001.1.1.10.32;PLANO DE SAÚDE E ODONTO - PROJETOS;21501025;
FECD;FECD001.1.4.01.023;BANCO DO BRASIL C/C 40.705-4 - LUCHM IBCCF;35001006;
FECD;GRANT001.1.1.04.01;REAGENTES;21704021;
FECD;PROJ001.1.1.07.17;LOCOMOÇÃO URBANA;21504007;
FECD;TEP001.1.1.07.23;IOF;21305001;
FECD;TEP001.1.2.01.99;PERDAS EM COMPRAS DE EQUIPAMENTOS;21304004;
FECD;TEP001.1.1.04.99;PERDAS EM COMPRAS DE MATERIAL DE CONSUMO NACIONAL;21304025;
FECD;TEP001.1.1.07.16;ESTACIONAMENTO;21304007;
FECD;FECD001.1.1.10.19;EXAME MEDICO;45001021;
FECD;FECD001.1.4.01.052;BANCO DO BRASIL C/C 10.808-1 - ISHR;35001006;
FECD;FECD001.1.1.04.13;REFEIÇÕES;45005021;
FECD;GRANT001.1.1.04.07;MATERIAL DE INFORMÁTICA;21707007;
FECD;FECD001.1.4.03.001;BANCO DO BRASIL C/C 10.271-7 - FUNBIO MULTIP;35001004;
FECD;GRANT001.1.1.05.04;ANTICORPOS;21704025;
FECD;FECD001.1.4.02.013;BANCO ITAÚ C/C 99.885-2 - UNIVERSID MINNESOTA - LUCIA JE;35001005;
FECD;PROJ001.1.1.07.10;PEQUENAS REFORMAS;21504017;
FECD;IMP004.02;TARIFA BANCÁRIA;21104002;
FECD;TEP001.1.1.04.05;MATERIAL DE LIMPEZA;21304016;
FECD;GRANT001.1.1.04.05;MATERIAL DE LIMPEZA;21704016;
FECD;FECD001.1.4.01.006;BANCO DO BRASIL C/C 10.789-1 - UNIMICRO UFRJ;35001006;
FECD;FECD001.1.4.01.000;BANCO DO BRASIL C/C 10.750-6 - WEBER SYMPOSIUM;35001006;
FECD;A1.5.2.02;Bens;21304004;
FECD;TEP001.1.1.04.14;MATERIAIS PARA OBRAS E REFORMAS;21304025;
FECD;FECD001.1.4.02.025;BANCO ITAU C/C 99.852-2 - GALACTOSEMIA - CLAUDIO MASUDA;35001005;
FECD;A1.5.1.01;Combustível para veículos e embarcações (litro);21304006;
FECD;PROJ001.1.1.07.23;IOF;21505001;
FECD;FECD001.1.1.06.02;INSS;21102020;
FECD;FECD001.1.4.01.045;BANCO ITAÚ C/C 99.863-9 - BIOINOVAR - PROFª ALANE;35001006;
FECD;FECD001.1.4.02.019;BANCO ITAÚ C/C 99.877-9 - LVM ABBOTT SPIKE;35001005;
FECD;1.4.1;Viagens e Diárias;21304024;
FECD;PROJ002.1.4.01.05;RECEITAS ANTECIPADAS (ADMINISTAÇÃO);21401001;
FECD;PROJ001.1.1.06.02;INSS;21501012;
FECD;PROJ002.1.1.07.01;PRESTAÇÃO DE SERVIÇOS ;21502003;
FECD;PROJ001.1.1.10.15;FERIAS - PROJETOS ;21501008;
FECD;FECD001.1.4.03.014;BANCO ITAÚ C/C 99.876-1 - FUNBIO - MARE LIMPA;35001004;
FECD;GRANT001.1.1.07.15;GRÁFICOS;21704022;
FECD;PROJ001.1.1.01.06;DESENVOLVEDOR DE PROTOCOLOS CIENTÍFICOS;21501004;
FECD;FECD001.1.1.07.08;IRRF NFS;21103001;
FECD;FECD001.1.1.07.23;CONTABILIDADE;45002002;
FECD;PROJ001.1.1.04.11;GASES INDUSTRIAIS;21504025;
FECD;PROJ001.1.1.01.05;DTI - B;21501004;
FECD;TEP001.1.2.02.01;MÓVEIS E UTENSÍLIOS;21304004;
FECD;PROJ001.1.1.04.02;ANIMAIS;21504025;
FECD;PROJ002.1.3.01.02;(+) RENDIMENTOS (ADMINISTRAÇÃO);21402001;
FECD;PROJ001.1.1.07.06;SEQUENCIAMENTOS;21504028;
FECD;PROJ001.1.1.08.02;MICHEL BASTOS SILVA;11243036;
FECD;A1.1.5.02;Desembolso - Bolsa de pesquisa;21301023;
FECD;PROJ001.1.1.07.14;MANUTENÇÃO E REPARO DE BENS;21504014;
FECD;FECD001.1.4.02.033;BANCO ITAÚ C/C 14.353-3 - WHO - GILBERTO KAC;35001005;
FECD;GRANT001.1.1.01.09;FIXAÇÃO E CAPACITAÇÃO DE RECURSOS HUMANOS - FUNDOS SETORIAIS - (SET - A);21701004;
FECD;PROJ001.1.1.10.01;SALÁRIOS;21501019;
FECD;A1.2.2.01;Bolsa Mestrado - A definir (mês);21301023;
FECD;IMP004.52;APLICACAO ;21104002;
FECD;PROJ001.1.3.01.03;(-) RETRAÇÃO;21402002;
FECD;PROJ002.1.1.03.02;PASSAGENS INTERNACIONAIS;21504024;
FECD;PROJ001.1.1.02.02;DIÁRIAS INTERNACIONAIS;21501005;
FECD;PROJ002.1.1.02.03;DIÁRIAS DE CAMPO;21501005;
FECD;FECD001.1.4.03.002;BANCO DO BRASIL C/C 10.274-1 - FUNB COST ROCHO;35001004;
FECD;FECD001.1.1.07.02;DESPESAS BANCÁRIAS;45006002;
FECD;FECD001.1.1.07.10;PEQUENAS REFORMAS;45005012;
FECD;PROJ001.1.1.07.20;INTERNET;21503001;
FECD;PROJ001.1.1.04.01;REAGENTES;21504021;
FECD;A2.2.1.02;Impressões, confecção brindes (Projeto Praia com Vida);21307004;
FECD;FECD001.1.1.02.03;DIÁRIAS DE CAMPO;45005023;
FECD;FECD001.1.4.02.001;BANCO DO BRASIL C/C 10.786-7 - IBCCF F NEWTON APCAL;35001005;
FECD;A1.3.3.02;Notebook ou Desktop (1 un.);21304004;
FECD;FECD001.1.1.10.07;PERICULOSIDADE;45001002;
FECD;IMP004.03;FRETE INTERNACIONAL;21104002;
FECD;TEP001.1.1.01.01;INICIAÇÃO CIENTÍFICA;21301023;
FECD;FECD001.1.4.01.009;BANCO DO BRASIL C/C 10.798-0 - IBCCF LABGENEST;35001006;
FECD;PROJ001.1.1.04.99;PERDAS EM COMPRAS DE MATERIAL DE CONSUMO NACIONAL;21504019;
FECD;GRANT001.1.2.02.01;MÓVEIS E UTENSÍLIOS;21704004;
FECD;A1.4.1.04;Desembolso - Materiais de uso e consumo;21304015;
FECD;GRANT001.1.1.03.01;PASSAGENS NACIONAIS;21704024;
FECD;GRANT001.1.1.07.07;ISS;21706004;
FECD;A1.3.3.04;Desembolso passagens internacionais;21304024;
FECD;1.2.1;Serviços Profissionais de Pessoa Jurídica;21302003;
FECD;A1.1.1.01;Acessórios para drone (1 Câmera muletiespectral, 2 baterias, 1 memória, 1 case/mochila, 1 Painel calibração reflectância);21304004;
FECD;FECD001.1.1.01.04;PÓS DOUTORADO;45005004;
FECD;GRANT001.1.1.07.06;SEQUENCIAMENTOS;21702003;
FECD;IMP004.04;DESPESA C/ DESEMBARAÇO;21104002;
FECD;PROJ001.1.1.07.11;INFORMÁTICA;21507012;
FECD;FECD001.1.4.03.005;BANCO DO BRASIL C/C 37.526-8 - RIBHAC EMBRAPA;35001009;
FECD;TEP001.1.1.04.07;MATERIAL DE INFORMÁTICA;21307008;
FECD;FECD001.1.4.01.022;BANCO DO BRASIL C/C 39.586-2 - BIOTERIO IMPPG;35001006;
FECD;FECD001.1.1.11.01;TARIFAS BANCÁRIAS;45006002;
FECD;A1.5.2.04;Salários, Encargos e Benefícios;21301038;
FECD;TEP001.1.1.07.01;PRESTAÇÃO DE SERVIÇOS ;21302003;
FECD;A1.4.1.09;Veículos terrestres e acessórios;21304004;
FECD;FECD001.1.4.01.014;BANCO DO BRASIL C/C 19.027-6 - LMCP;35001006;
FECD;FECD001.1.4.01.041;BANCO ITAU C/C 14.407-7 - PRODIET;35001006;
FECD;PROJ001.1.1.10.13;VALE REFEIÇÃO - PROJETOS;21501024;
FECD;1.5.2;Material de Expediente e Suprimentos de Informatica;21307008;
FECD;FECD001.1.4.01.028;BANCO DO BRASIL C/C 8.582-0 - SIMPO FAC FARMACI (P;35001006;
FECD;FECD001.1.4.01.033;BANCO ITAÚ C/C 14.288-1 - CRISTAL;35001006;
FECD;FECD001.1.1.07.17;LOCOMOÇÃO URBANA;45005020;
FECD;FECD001.1.4.01.036;BANCO ITAÚ C/C 14.352-5 - INCT - TK;35001006;
FECD;A1.1.5.01;Bolsa Mestrado;21301023;
FECD;FECD001.1.4.02.004;BANCO ITAÚ C/C 14.373-1 - PROFª CARLA HOLANDINO;35001005;
FECD;FECD001.1.4.01.004;BANCO DO BRASIL C/C 10.784-0 - BIOTÉRIO DECANIA CCS;35001006;
FECD;FECD001.1.4.01.013;BANCO DO BRASIL C/C 10.807-3 - IBQM LBAH PL;35001006;
FECD;FECD001.1.4.01.042;BANCO ITAU C/C 15.002-5 - SEQUENCIAMEN.DE DNA;35001006;
FECD;PROJ001.1.1.07.25;FRETE;21504010;
FECD;A1.4.1.02;Bolsa Mestrado;21301023;
FECD;A1.3.2.02;Equipamentos de mergulho (cilindro, octopus, manômetro, colete, 1 e 2 estágio) (1 un);21304004;
FECD;FECD001.1.1.10.04;PIS - FOLHA DE PAGAMENTO;45001013;
FECD;TEP001.1.1.07.09;PIS / COFINS / CSLL;21306003;
FECD;A1.4.1.06;Manutenção de equipamentos LIBMAR (gerador, ar-condicionado, microscópio) (1 serviço);21304014;
FECD;TEP001.1.1.05.01;REAGENTES;21304025;
FECD;TEP001.1.1.07.11;INFORMÁTICA;21302003;
FECD;FECD001.1.4.02.016;BANCO ITAÚ C/C 99.859-7 - SMBE - PROFª CLAUDIA RUSSO;35001005;
FECD;FECD001.1.1.07.14;MANUTENÇÃO E REPARO DE BENS;45002001;
FECD;GRANT001.1.1.07.09;PIS / COFINS / CSLL;21706003;
FECD;GRANT001.1.1.07.08;IRRF NFS;21706005;
FECD;FECD001.1.1.10.06;ANUENIOS;45001008;
FECD;GRANT002.1.1.04.01;REAGENTES;21704021;
FECD;PROJ001.1.1.01.09;FIXAÇÃO E CAPACITAÇÃO DE RECURSOS HUMANOS - FUNDOS SETORIAIS - (SET - A);21501004;
FECD;FECD001.1.1.10.01;SALÁRIOS;21102002;
FECD;PROJ001.1.1.06.01;PRESTAÇÕES DE SERVIÇOS (AUTÔNOMO);21502002;
FECD;FECD001.1.4.01.056;BANCO ITAÚ C/C 99.842-3 - INSCRIÇÕES;35001006;
FECD;FECD001.1.4.01.049;BANCO ITAÚ C/C 99.873-8 - PRIME AGRO - PROF. ANDREW;35001006;
FECD;A1.1.2.04;Desembolso Ar Condicionado;21304004;
FECD;FECD001.1.1.07.25;AUDITORIA;45002009;
FECD;PROJ001.1.1.04.04;RAÇÃO;21504025;
FECD;A1.5.2.01;Bens;21304004;
FECD;FECD001.1.1.06.01;PRESTAÇÕES DE SERVIÇOS (AUTÔNOMO);45002010;
FECD;IMP004.92;PERDA DE CAPITAL;21104002;
FECD;FECD001.1.4.02.023;BANCO ITAÚ C/C 14.360-8 - LVM AMILC;35001005;
FECD;PROJ001.1.1.10.03;FGTS - PROJETOS;21501010;
FECD;PROJ001.1.1.04.13;MATERIAIS DE LABORATORIO;21504025;
FECD;FECD001.1.4.03.007;BANCO DO BRASIL C/C 8.568-5 - OUHSC NORTON;35001009;
FECD;A2.2.1.01;Combustível para veículos e embarcações (litro);21304006;
FECD;PROJ001.1.1.07.24;ANUIDADES;21504003;
FECD;FECD001.1.1.07.27;SISTEMAS E PROGRAMAS;45002015;
FECD;FECD001.1.1.07.18;TELEFONE;45004001;
FECD;TEP002.1.4.01.02;RECEITAS ANTECIPADAS (ADMINISTRAÇÃO);21304020;
FECD;FECD001.1.4.01.007;BANCO DO BRASIL C/C 10.794-8 - EBBC6;35001006;
FECD;FECD001.1.1.06.03;IRRF;21103012;
FECD;FECD001.1.1.10.23;PROVISÃO FGTS 13. SALARIO;45001026;
FECD;FECD001.1.1.04.03;MEDICAMENTOS;45005006;
FECD;GRANT002.1.1.05.01;REAGENTES;21704021;
FECD;GRANT001.1.3.01.03;(-) RETRAÇÃO;21602002;
FECD;A1.1.5.04;Desembolso passagens internacionais;21304024;
FECD;GRANT001.1.1.01.05;DESENVOLVIMENTO TECNOLÓGICO INDUSTRIAL (DTI - B);21701004;
FECD;PROJ001.1.4.01.01;PROJETOS;21401001;
FECD;PROJ002.1.1.06.03;IRRF;21506005;
FECD;GRANT001.1.1.10.01;SALÁRIOS;21701019;
FECD;TEP001.1.1.05.03;MEDICAMENTOS;21304025;
FECD;FECD001.1.4.03.016;BANCO ITAÚ C/C 99.892-8 - FUNBIO - MANGUEZAIS;35001004;
FECD;TEP001.1.1.04.06;MATERIAL DE PAPELARIA;21304015;
FECD;FECD001.1.1.05.03;MEDICAMENTOS;45005029;
FECD;TEP001.1.1.03.03;PASSAGENS P/ CAMPO;21304024;
FECD;A1.3.3.01;Bolsa Mestrado - A definir (mês);21301023;
FECD;FECD001.1.1.10.08;ABONO PECUNIARIO;45001015;
FECD;FECD001.1.4.02.030;BANCO ITAÚ C/C 99.843-1 - OCEAN RAINFOREST;35001005;
FECD;A1.2.4.02;Câmera fotográfica;21304004;
FECD;GRANT001.1.1.07.13;CORREIOS E POSTAGENS;21704019;
FECD;GRANT001.1.1.01.11;PESQUISA;21701004;
FECD;TEP001.1.1.05.05;MATERIAIS DE CONSUMO - IMPORTAÇÃO FECD;21304015;
FECD;TEP001.1.2.01.02;MAQUINAS E EQUIPAMENTOS;21304004;
FECD;PROJ002.1.4.01.02;DOAÇÕES (ADMINISTRAÇÃO);21401001;
FECD;GRANT001.1.1.04.10;COMBUSTÍVEIS;21704006;
FECD;GRANT001.1.4.01.98;ABERTURA DE SALDO;21601001;
FECD;FECD001.1.4.01.039;BANCO ITAÚ C/C 14.361-6 - TUBAROES - SALVAR;35001006;
FECD;PROJ001.1.1.01.07;AGENTE DE INOVAÇÃO;21501004;
FECD;FECD001.1.1.04.10;COMBUSTÍVEIS;45005020;
FECD;FECD001.1.4.04.002;BANCO ITAÚ C/C 12.860-9 - IMPORTAÇÃO;21104002;
FECD;FECD001.1.4.03.019;BANCO ITAÚ C/C 99.899-3 - TUBAROES - ECOSHARK;35001004;
FECD;FECD001.1.4.02.032;BANCO ITAÚ C/C 99.837-3 - LEISHMANIA PROFA. ANA PAULA;35001005;
FECD;GRANT001.1.1.01.03;DOUTORADO;21701004;
FECD;FECD001.1.1.10.16;1/3 FERIAS;45001017;
FECD;PROJ001.1.1.04.03;MEDICAMENTOS;21504025;
FECD;TEP001.1.1.01.09;FIXAÇÃO E CAPACITAÇÃO DE RECURSOS HUMANOS - FUNDOS SETORIAIS - (SET - A);21301023;
FECD;PROJ001.1.1.01.08;APOIO TÉCNICO A PESQUISA;21501004;
FECD;FECD001.1.1.07.01;PRESTAÇÃO DE SERVIÇOS ;21101002;
FECD;A2.1.2.04;Desembolso - Alimentação;21304005;
FECD;PROJ001.1.4.01.03;INSCRIÇÕES;21401001;
FECD;FECD001.1.4.01.050;BANCO ITAÚ C/C 99.880-3 - CONTA AZUL RECEBA FACIL;35001006;
FECD;TEP001.1.1.01.10;PESQUISADOR SENIOR;21301023;
FECD;A1.3.2.03;Materiais de Uso e Consumo (unidades variadas);21304015;
FECD;FECD001.1.4.01.020;BANCO DO BRASIL C/C 38.375-9 - CONGRESS DIVERS;35001006;
FECD;FECD001.1.1.07.15;GRÁFICOS;45002005;
FECD;TEP001.1.1.07.05;DESPESAS DE IMPORTAÇÃO;21304018;
FECD;FECD001.1.1.10.25;PROVISÃO FGTS FERIAS;45001028;
FECD;FECD001.1.1.04.02;ANIMAIS;45005029;
FECD;TEP001.1.1.05.04;ANTICORPOS;21304025;
FECD;A2.3.3.01;Diária para saídas de campo e eventos (1 diária);21301024;
FECD;GRANT001.1.1.04.09;MATERIAL P/ COFFEE BREAK;21704005;
FECD;FECD001.1.1.07.06;SEQUENCIAMENTOS;45005029;
FECD;PROJ001.1.1.04.14;MATERIAIS PARA OBRAS E REFORMAS;21504019;
FECD;1.5.3;Material para Higiene/Limpeza;21304016;
FECD;FECD001.1.4.04.001;BANCO DO BRASIL C/C 9.266-5 - IMPORTAÇÕES;21104002;
FECD;PROJ002.1.4.01.01;PROJETOS (ADMINISTRAÇÃO);21401001;
FECD;TEP001.1.3.01.03;(-) RETRAÇÃO;21202001;
FECD;TEP001.1.1.01.08;APOIO TÉCNICO A PESQUISA;21301023;
FECD;FECD001.1.1.10.05;GRATIFICAÇÕES;45001007;
FECD;PROJ001.1.1.07.27;INSS SOBRE NF - PJ;21506005;
FECD;FECD001.1.1.07.22;INSCRIÇÕES EM CONGRESSO OU CURSOS;45005015;
FECD;1.2.4;Aluguel de Equipamentos;21304002;
FECD;FECD001.1.1.10.15;FERIAS;45001009;
FECD;GRANT001.1.1.02.03;DIÁRIAS DE CAMPO;21701005;
FECD;FECD001.1.4.01.043;BANCO ITAU C/C 15.003-3 - PRO OCEANICO;35001006;
FECD;PROJ001.1.1.01.10;PESQUISADOR SENIOR;21501004;
FECD;FECD001.1.1.07.16;ESTACIONAMENTO;45005002;
FECD;A2.1.1.01;Bolsa de Extensão - A definir (1 mês);21301023;
FECD;1.6.2;Kit educativo;21308003;
FECD;A1.2.2.04;Reagentes;21304021;
FECD;FECD001.1.1.07.05;DESPESAS DE IMPORTAÇÃO;45005010;
FECD;GRANT001.1.1.05.01;REAGENTES;21704021;
FECD;FECD001.1.1.07.04;ALUGUÉIS;45005017;
FECD;FECD001.1.4.02.017;BANCO ITAÚ C/C 99.864-7 - UNIVERSIDADE MASSACHUSETTS;35001005;
FECD;FECD001.1.1.10.22;PROVISÃO INSS 13. SALARIO;45001025;
FECD;FECD001.1.1.07.12;LOCAÇÃO URBANA;45005016;
FECD;FECD001.1.1.01.02;MESTRADO;45005004;
FECD;PROJ001.1.1.01.03;DOUTORADO;21501004;
FECD;PROJ001.1.1.10.20;PROVISÃO DE 13º SALARIO - PROJETOS;21509001;
FECD;GRANT001.1.1.07.05;DESPESAS DE IMPORTAÇÃO;21704021;
FECD;FECD001.1.4.01.055;BANCO ITAÚ C/C 99.869-6 - UMAA - PROF. VINICIUS;35001006;
FECD;A1.2.2.05;Desembolso - Manuntenção de equipamentos;21304014;
FECD;PROJ001.1.1.07.05;DESPESAS DE IMPORTAÇÃO;21504027;
FECD;GRANT001.1.1.07.12;LOCAÇÃO URBANA;21704007;
FECD;GRANT001.1.4.01.02;DOAÇÃO GRANTS;21601001;
FECD;A1.1.5.03;Salários, Encargos e Benefícios;21301038;
FECD;GRANT001.1.1.03.02;PASSAGENS INTERNACIONAIS;21704024;
FECD;TEP001.1.1.01.07;AGENTE DE INOVAÇÃO;21301023;
FECD;FECD001.1.4.01.030;BANCO DO BRASIL C/C 9.218-5 - SERVATIS;35001006;
FECD;GRANT001.1.1.04.03;MEDICAMENTOS;21704025;
FECD;FECD001.1.2.01.01;COMPUTADORES;12201004;
FECD;GRANT001.1.1.01.02;MESTRADO;21701004;
FECD;FECD001.1.2.02.01;MÓVEIS E UTENSÍLIOS;12201003;
FECD;TEP001.1.1.07.22;INSCRIÇÕES EM CONGRESSO OU CURSOS;21308002;
FECD;FECD001.2.1.03;IRRF (BOLSISTA);35002011;
FECD;GRANT001.1.1.07.25;FRETE;21704010;
FECD;FECD001.1.4.01.027;BANCO DO BRASIL C/C 8.447-6 - UMMC ICB UFRJ;35001006;
FECD;FECD001.1.1.04.04;RAÇÃO;45005029;
FECD;FECD001.1.4.01.011;BANCO DO BRASIL C/C 10.801-4 - ICB WORKSHOP INFLAM.;35001006;
FECD;TEP001.1.1.07.06;SEQUENCIAMENTOS;21302003;
FECD;GRANT002.1.4.01.01;GRANTS (ADMINISTRAÇÃO);21704020;
FECD;GRANT001.1.1.04.02;ANIMAIS;21704025;
FECD;FECD001.1.4.03.004;BANCO DO BRASIL C/C 35.776-6 - WBBT;35001009;
FECD;GRANT001.1.1.07.10;PEQUENAS REFORMAS;21704017;
FECD;A1.4.1.05;Diária para saídas de campo e eventos (1 diária);21301024;
FECD;IMP004.98;SALDO INICIAL;21104002;
FECD;FECD001.2.1.02;IRRF (AUTONOMO);35002010;
FECD;TEP001.1.1.01.06;DESENVOLVEDOR DE PROTOCOLOS CIENTÍFICOS;21301023;
FECD;IMP004.00;RECEBIMENTOS DE IMPORTAÇÃO;21104002;
FECD;FECD001.1.1.02.02;DIÁRIAS INTERNACIONAIS;45005023;
FECD;GRANT001.1.1.05.05;MATERIAIS DE CONSUMO - IMPORTAÇÃO FECD;21704015;
FECD;TEP001.1.1.04.01;REAGENTES;21304025;
FECD;A1.2.4.01;Acessórios de informática (1 un.);21307008;
FECD;GRANT001.1.3.01.04;IRRF S/ APLICAÇÃO;21706002;
FECD;A2.1.5.01;Materiais de Consumo - Exposições BioMuseu (1 un.);21304015;
FECD;GRANT002.1.3.01.02;(+) RENDIMENTOS (ADMINISTRAÇÃO);21602001;
FECD;PROJ001.1.1.07.19;SEGUROS;21504026;
FECD;FECD001.1.1.10.27;PROVISÃO PIS 13.SALARIO;45001030;
FECD;FECD001.1.4.01.034;BANCO ITAÚ C/C 14.310-3 - INCT - PLO;35001006;
FECD;FECD001.1.4.02.015;BANCO ITAÚ C/C 99.858-9 - BILL E MELINDA GATES;35001005;
FECD;GRANT002.1.3.01.99;TRANSF. DE RENDIMENTOS APURADOS ADM.;21304020;
FECD;PROJ001.1.1.02.03;DIÁRIAS DE CAMPO;21501005;
FECD;PROJ001.1.2.02.01;MÓVEIS E UTENSÍLIOS;21504004;
FECD;GRANT001.1.1.07.11;INFORMÁTICA;21702003;
FECD;FECD001.1.4.03.012;BANCO ITAÚ C/C 99.861-3 - NANOBUSINESS;35001009;
FECD;FECD001.1.1.10.17;13. SALARIO;45001001;
FECD;A1.4.3.01;Acessórios Informática (1 un.);21307008;
FECD;2.1.2;Uniformes/ Material de Segurança;21304015;
FECD;GRANT002.1.1.04.07;MATERIAL DE INFORMÁTICA;21707007;
FECD;PROJ001.1.3.01.04;IRRF S/ APLICAÇÃO;21506002;
FECD;FECD001.1.1.04.09;MATERIAL P/ COFFEE BREAK;45005021;
FECD;PROJ001.1.1.10.11;VALE TRANSPORTE - PROJETOS;21501021;
FECD;TEP001.1.1.03;PASSAGENS;21304024;
FECD;PROJ001.1.1.07.12;LOCAÇÃO URBANA;21504007;
FECD;FECD001.1.4.01.024;BANCO DO BRASIL C/C 42.106-5 - F G CENPES LS IMPPG;35001006;
FECD;TEP001.1.1.07.03;XEROX;21307004;
FECD;PROJ001.1.1.04.07;MATERIAL DE INFORMÁTICA;21507007;
FECD;GRANT001.1.1.07.18;TELEFONE;21703002;
FECD;FECD001.1.4.01.008;BANCO DO BRASIL C/C 10.797-2 - IBCCF CEMBIO RSMB;35001006;
FECD;FECD001.1.1.10.29;PROVISÃO PIS FERIAS;45001032;
FECD;PROJ001.1.1.04.05;MATERIAL DE LIMPEZA;21504016;
FECD;PROJ001.1.1.10.17;13º SALARIO - PROJETOS;21501003;
FECD;1.2.2;Bolsas;21301023;
FECD;FECD001.1.1.10.26;PROVISÃO DE FERIAS;45001029;
FECD;GRANT001.1.1.06.02;INSS;21701012;
FECD;GRANT001.1.1.07.26;JUROS / MULTA;21705002;
FECD;A1.1.1.02;Desembolso - Software utilitários;21304004;
FECD;PROJ001.1.1.10.09;AJUDA DE CUSTO - PROJETOS;21501023;
FECD;A1.1.2.01;Combustível para veículos e embarcações (litro);21304006;
FECD;PROJ002.1.1.06.02;INSS;21501012;
FECD;GRANT001.1.1.07.16;ESTACIONAMENTO;21704027;
FECD;FECD001.1.1.07.28;CERTIFICADO DIGITAL;45002005;
FECD;GRANT001.1.1.07.23;IOF;21705001;
FECD;FECD001.1.4.01.002;BANCO DO BRASIL C/C 10.781-6 - DECANIA CCS UFRJ;35001006;
FECD;GRANT001.1.1.02.01;DIÁRIAS NACIONAIS;21701005;
FECD;A1.5.3.01;Participação em eventos e congressos;21304011;
FECD;A1.5.1.02;Microwave Digestion Systems (para digestão amostras contaminantes em resíduos sólidos) (1 un.);21304004;
FECD;FECD001.1.4.02.011;BANCO ITAÚ C/C 99.889-4 - ANA PAULA C A LIMA DNDI;35001005;
FECD;FECD001.1.4.01.003;BANCO DO BRASIL C/C 10.783-2 - EQUIPAMENTOS CENABIO;35001006;
FECD;GRANT002.1.4.01.99;TRANSFERÊNCIA DE SALDO (ADMINISTRAÇÃO);21704020;
FECD;FECD001.1.1.07.07;ISS;21103009;
FECD;FECD001.1.4.02.021;BANCO ITAÚ C/C 99.879-5 - ABBOTT COVID FLU;35001005;
FECD;GRANT002.1.1.04.06;MATERIAL DE PAPELARIA;21707004;
FECD;GRANT002.1.1.06.01;PRESTAÇÕES DE SERVIÇOS (AUTÔNOMO);21701020;
FECD;GRANT001.1.1.03.03;PASSAGENS P/ CAMPO;21704024;
FECD;PROJ001.1.1.06.03;IRRF;21506001;
FECD;TEP001.1.1.07.25;FRETE;21304010;
FECD;TEP001.1.1.07.15;GRÁFICOS;21304022;
FECD;FECD001.1.4.03.010;BANCO ITAU C/C 14.909-2 - SERRAPILHEIRA OLAVO;35001009;
FECD;GRANT001.1.1.04.14;MATERIAIS PARA OBRAS E REFORMAS;21704017;
FECD;FECD001.1.4.01.051;BANCO ITAÚ C/C 99.884-5 - IBQM;35001006;
FECD;FECD001.1.1.10.09;AJUDA DE CUSTO;45001018;
FECD;FECD001.1.4.02.005;BANCO ITAÚ C/C 14.405-1 - ALZHEIMER S ASSOCIATION;35001005;
FECD;FECD001.1.1.10.14;SEGURO DE VIDA;45001003;
FECD;PROJ001.1.1.07.09;PIS / COFINS / CSLL;21506003;
FECD;TEP001.1.1.06.02;INSS;21301032;
FECD;FECD001.1.4.01.048;BANCO ITAÚ C/C 99.872-0 - BIOBUREAL PROFª CLAUDIA RUSSO;35001006;
FECD;PROJ002.1.1.04.06;MATERIAL DE PAPELARIA;21507011;
FECD;PROJ002.1.1.03.03;PASSAGENS P/ CAMPO;21504007;
FECD;A2.3.1.01;Salário e benefícios (Ordenador de despesas);21304020;
FECD;A1.4.2.02;Materiais de Uso e Consumo (unidades variadas);21304015;
FECD;TEP001.1.1.04.12;PARTES E PEÇAS;21304017;
FECD;TEP001.1.1.07.10;PEQUENAS REFORMAS;21304017;
FECD;1.6.3;Kit Cartilha;21308003;
FECD;PROJ001.1.1.05.04;ANTICORPOS;21504025;
FECD;1.3.1;Alugueis de Imóvel e Taxas;21307001;
FECD;PROJ002.1.1.02.02;DIÁRIAS INTERNACIONAIS;21501005;
FECD;GRANT002.1.1.03.01;PASSAGENS NACIONAIS;21701004;
FECD;GRANT001.1.1.01.10;PESQUISADOR SENIOR;21701004;
FECD;FECD001.1.1.07.11;INFORMÁTICA;45002005;
FECD;1.6.4;Plano de comunicação;21308003;
FECD;FECD001.1.1.01.01;INICIAÇÃO CIENTÍFICA;45005004;
FECD;TEP001.1.1.04.02;ANIMAIS;21304025;
FECD;TEP001.1.1.04.13;MATERIAIS DE LABORATORIO;21304025;
FECD;GRANT001.1.1.06.01;PRESTAÇÕES DE SERVIÇOS (AUTÔNOMO);21701020;
FECD;PROJ001.1.1.04.09;MATERIAL P/ COFFEE BREAK;21504005;
FECD;PROJ002.1.4.01.99;TRANSFERÊNCIA DE SALDO (ADMINISTRAÇÃO);21504020;
FECD;GRANT001.1.1.07.22;INSCRIÇÕES EM CONGRESSO OU CURSOS;21708002;
FECD;GRANT002.1.1.07.01;PRESTAÇÃO DE SERVIÇOS ;21702003;
FECD;A2.1.2.02;tablet 256Gb 8Gb RAM (1 un.), óculos realidade virtual (1 un.) PROJETO SENSORIAR;21304004;
FECD;A1.1.1.04;Receptores RTK (1 un.);21304004;
FECD;GRANT001.1.1.07.01;PRESTAÇÃO DE SERVIÇOS ;21702003;
FECD;GRANT001.1.1.07.21;CARTORIO;21708007;
FECD;FECD001.1.3.01.03;(-) RETRAÇÃO;35006003;
FECD;FECD001.1.4.01.035;BANCO ITAÚ C/C 14.338-4 - SAE;35001006;
FECD;FECD001.1.4.01.017;BANCO DO BRASIL C/C 303.800-9 - PROJ DIVERSOS;35001006;
FECD;PROJ001.1.1.07.04;ALUGUÉIS;21507001;
FECD;GRANT001.1.1.07.17;LOCOMOÇÃO URBANA;21704007;
FECD;PROJ001.1.1.05.02;ANIMAIS;21504025;
FECD;IMP004.19;REPASSE DE TAXA IMPORTAÇÃO;21104002;
FECD;GRANT002.1.1.02.03;DIÁRIAS DE CAMPO;21701005;
FECD;TEP001.1.1.05.02;ANIMAIS;21304025;
FECD;PROJ002.1.1.02.01;DIÁRIAS NACIONAIS;21501005;
FECD;TEP001.1.1.07.04;ALUGUÉIS;21307001;
FECD;TEP001.1.1.01.11;PESQUISA;21301023;
FECD;PROJ002.1.3.01.99;TRANSF. DE RENDIMENTOS APURADOS ADM.;21402001;
FECD;A1.4.1.03;Desembolso - Administrativo;21307005;
FECD;A1.1.1.05;Serviço de Auxílio em levantamentos geodésicos nas praias;21302003;
FECD;A1.4.1.07;Salários, Encargos e Benefícios;21301038;
FECD;TEP001.1.1.07.14;MANUTENÇÃO E REPARO DE BENS;21302003;
FECD;FECD001.1.4.01.046;BANCO ITAÚ C/C 99.862-1 - META2MS - LABMETA;35001006;
FECD;1.3.4;Tarifas bancárias;21305003;
FECD;FECD001.1.4.03.008;BANCO ITAÚ C/C 14241-0 LAGUNARES;35001004;
FECD;FECD001.1.1.07.26;ASSESSORIA ECONOMICA;45002005;
FECD;FECD001.1.4.01.019;BANCO DO BRASIL C/C 35.635-2 - CE ANATO;35001006;
FECD;PROJ002.1.1.10.01;SALÁRIOS;21501019;
FECD;FECD001.1.4.01.031;BANCO DO BRASIL C/C 9.219-3 - LABIOM;35001006;
FECD;PROJ001.1.1.03.03;PASSAGENS P/ CAMPO;21504024;
FECD;FECD001.1.4.01.054;BANCO ITAÚ C/C 99.853-0 - PROJETO CAUCAO SAE;35001006;
FECD;PROJ001.1.1.01.04;PÓS DOUTORADO;21501004;
FECD;GRANT002.1.1.03.03;PASSAGENS P/ CAMPO;21701005;
FECD;FECD001.1.4.02.010;BANCO ITAÚ C/C 99.894-4 - LVM ABBOTT RAPID DIAGNOSTICS;35001005;
FECD;FECD001.1.1.07.21;CARTORIO;45005030;
FECD;FECD001.1.1.10.03;FGTS;45001006;
FECD;FECD001.1.1.05.02;ANIMAIS;45005029;
FECD;1.4.2;Combustivel;21304006;
FECD;FECD001.1.3.01.02;(+) RENDIMENTOS;35006003;
FECD;GRANT001.1.2.01.02;MAQUINAS E EQUIPAMENTOS;21704004;
FECD;FECD001.1.1.04.11;GASES INDUSTRIAIS;45005029;
FECD;FECD001.1.4.03.011;BANCO ITAU C/C 15.001-7 - SERRAPILHERA  AMILCA;35001009;
FECD;PROJ001.1.1.05.05;MATERIAIS DE CONSUMO - IMPORTAÇÃO FECD;21504025;
FECD;TEP001.1.1.07.20;INTERNET;21303001;
FECD;PROJ001.1.1.04.12;PARTES E PEÇAS;21504015;
FECD;FECD001.1.4.03.013;BANCO ITAÚ C/C 99.874-6 - PETRO COSTAO ROCHOSO;35001004;
FECD;GRANT001.1.1.07.14;MANUTENÇÃO E REPARO DE BENS;21704014;
FECD;GRANT002.1.1.02.02;DIÁRIAS INTERNACIONAIS;21701005;
FECD;GRANT002.1.1.01.01;INICIAÇÃO CIENTÍFICA;21701004;
FECD;A1.2.2.03;Mobiliário Coleção de Aves;21304015;
FECD;PROJ001.1.1.07.21;CARTÓRIO;21507013;
FECD;FECD001.1.4.01.044;BANCO ITAÚ C/C 99.857-1 - CRISTÁLIA PRFª GISELE;35001006;
FECD;GRANT001.1.3.01.05;IOF S/ APLICAÇÃO;21706004;
FECD;FECD001.1.4.02.026;BANCO ITAÚ C/C 14.383-5 - NOVARTIS - PROFA. ANA PAULA;35001005;
FECD;GRANT001.1.1.01.08;APOIO TÉCNICO A PESQUISA;21701004;
FECD;FECD001.1.4.02.003;BANCO ITAÚ C/C 14.365-7 - NOZIKA;35001005;
FECD;A2.2.1.03;Desembolso passagens internacionais;21304024;
FECD;PROJ001.1.1.01.02;MESTRADO;21501004;
FECD;GRANT001.1.1.04.08;ÁGUA;21704015;
FECD;A1.3.1.01;Bolsa Iniciação Científica - A definir (mês);21301023;
FECD;FECD001.1.4.02.006;BANCO ITAÚ C/C 99.890-2 - GRANTS ORPAGS;35001005;
FECD;TEP001.1.1.02.02;DIÁRIAS INTERNACIONAIS;21301024;
FECD;FECD001.1.4.01.012;BANCO DO BRASIL C/C 10.806-5 - IB LABIM IDSN;35001006;
FECD;FECD001.1.4.03.015;BANCO ITAÚ C/C 99.886-0 - BIOTECMAR;35001009;
FECD;TEP001.1.1.02.01;DIÁRIAS NACIONAIS;21301024;
FECD;FECD001.1.1.10.13;PLANO DE SAUDE E ODONTO;45001019;
FECD;GRANT001.1.3.01.02;(+) RENDIMENTOS;21602001;
FECD;PROJ001.1.1.04.06;MATERIAL DE PAPELARIA;21507011;
FECD;FECD001.1.4.01.010;BANCO DO BRASIL C/C 10.799-9 - IBCCF MRC APCAL;35001006;
FECD;FECD001.1.1.07.20;INTERNET;45004005;
FECD;FECD001.1.1.07.24;ASSESSORIA JURIDICA;45002003;
FECD;GRANT001.1.1.04.04;RAÇÃO;21704025;
FECD;PROJ001.1.3.01.02;(+) RENDIMENTOS;21402001;
FECD;A2.1.2.03;Desembolso - acessórios eletrônicos;21307008;
FECD;PROJ001.1.1.10.14;SEGURO DE VIDA - PROJETOS;21504026;
FECD;PROJ001.1.1.03.01;PASSAGENS NACIONAIS;21504024;
FECD;A1.4.1.01;Bolsa Iniciação Científica - A definir (mês);21301023;
FECD;TEP002.1.4.01.01;TERMOS E PARCERIAS (ADMINISTRAÇÃO);21304020;
FECD;FECD001.1.4.01.018;BANCO DO BRASIL C/C 33.851-6 - EGF 151;35001006;
FECD;PROJ001.1.1.10.02;INSS - PROJETOS;21501012;
FECD;TEP001.1.1.04.10;COMBUSTÍVEIS;21304006;
FECD;FECD001.1.1.10.02;INSS ;45001005;
FECD;GRANT002.1.1.06.03;IRRF;21701014;
FECD;GRANT001.1.2.01.01;COMPUTADORES;21704004;
FECD;FECD001.1.1.04.08;ÁGUA;45005006;
FECD;A1.5.1.03;Reagentes e diversos para análises (1 un.);21304021;
FECD;GRANT001.1.1.05.03;MEDICAMENTOS;21704025;
FECD;FECD001.1.1.03.03;PASSAGENS P/ CAMPO;45005013;
FECD;TEP001.1.1.04.03;MEDICAMENTOS;21304025;
FECD;A2.1.4.01;Materiais de Uso e Consumo (unidades variadas);21304015;
FECD;GRANT001.1.1.01.04;PÓS DOUTORADO;21701004;
FECD;FECD001.1.1.05.01;REAGENTES;45005029;
FECD;GRANT001.1.1.04.11;GASES INDUSTRIAIS;21704015;
FECD;GRANT001.1.1.07.03;XEROX;21707003;
FECD;A1.5.2.05;Salários, Encargos e Benefícios;21301038;
FECD;FECD001.1.1.02.01;DIÁRIAS NACIONAIS;45005023;
FECD;GRANT001.1.1.02.02;DIÁRIAS INTERNACIONAIS;21701005;
FECD;GRANT001.1.1.07.20;INTERNET;21703001;
FECD;GRANT001.1.1.01.07;AGENTE DE INOVAÇÃO;21701004;
FECD;FECD001.1.1.01.068;BANCO ITAÚ C/C 99.832-4 - ACELOR MITTAL (VOTORANTIN);35001006;
FECD;TEP001.1.1.07.02;DESPESAS BANCÁRIAS;21305003;
FECD;GRANT001.1.1.07.04;ALUGUÉIS;21707001;
FECD;FECD001.1.4.01.016;BANCO DO BRASIL C/C 23.738-8 - XII SILAE;35001006;
FECD;PROJ001.1.1.05.03;MEDICAMENTOS;21504025;
FECD;TEP001.1.2.01.01;COMPUTADORES;21304004;
FECD;PROJ001.1.4.01.02;DOAÇÕES;21401001;
FECD;FECD001.1.4.02.024;BANCO ITAÚ C/C 99.894-4 - ABBOTT RAPID DIAGNOSTICS;35001005;
FECD;PROJ001.1.1.10.06;ANUENIOS - PROJETOS;21501026;
FECD;PROJ002.1.3.01.03;(-) RETRAÇÃO (ADMINISTRAÇÃO);21402001;
FECD;FECD001.1.4.03.006;BANCO DO BRASIL C/C 39.502-1 - WELCOME APL IBCCF;35001009;
FECD;FECD001.1.4.03.020;BANCO DO BRASIL C/C 8.931-1 - NANO VALID INMETRO;35001009;
FECD;TEP001.1.1.07.18;TELEFONE;21303002;
FECD;FECD001.1.4.02.020;BANCO ITAÚ C/C 99.878-7 - LVM ABBOTT PANBIO;35001005;
FECD;A1.5.3.02;Resultado esperado: - RE 2.1. Promoção de eventos de sensibilização e divulgação científica relacionados a poluição marinha;21304011;
FECD;FECD001.1.1.04.06;MATERIAL DE PAPELARIA;45005006;
FECD;GRANT001.1.4.02.01;DESCONTOS OBTIDOS;21602003;
FECD;A1.3.1.02;Combustível para veículos e embarcações (litro);21304006;
FECD;FECD001.1.1.07.19;SEGUROS;45005026;
FECD;FECD001.1.4.03.003;BANCO DO BRASIL C/C 10.805-7 - IBQM IS OBA;35001009;
FECD;FECD001.1.4.01.032;BANCO DO BRASIL C/C 9.359-9 - BNI LMPPG;35001006;
FECD;1.3.3;Despesas Administrativas e Operacionais - Licenciamento veicular e outras taxas;21307010;
FECD;FECD001.1.4.02.034;BANCO ITAÚ C/C 99.844-9 - IMS PROFª EDUARDA BARBOSA;35001005;
FECD;PROJ001.1.1.07.03;XEROX;21507003;
FECD;PROJ001.1.1.10.16;1/3 FERIAS - PROJETOS;21501002;
FECD;PROJ002.1.1.03.01;PASSAGENS NACIONAIS;21504024;
FECD;PROJ001.1.1.07.16;ESTACIONAMENTO;21504030;
FECD;GRANT001.1.1.07.19;SEGUROS;21704026;
FECD;FECD001.1.4.01.038;BANCO ITAÚ C/C 14.360-8 - LVM INSTITUTO BIOLOGIA;35001006;
FECD;FECD001.1.1.05.04;ANTICORPOS;45005029;
FECD;1.5.1;Material de Suporte às Atividades do Projeto;21304015;
FECD;PROJ001.1.1.07.08;IRRF NFS;21506005;
FECD;A1.1.1.06;Taxas de importação;21302003;
FECD;PROJ001.1.1.10.22;PROVISÃO INSS 13º SALÁRIO - PROJETOS;21509005;
FECD;PROJ001.1.2.01.01;COMPUTADORES;21504004;
FECD;PROJ001.1.1.05.01;REAGENTES;21504021;
FECD;A2.3.2.01;Bolsa de Extensão - A definir (1 mês);21301023;
FECD;A1.2.3.01;Diária para saídas de campo e eventos (1 diária);21301024;
FECD;FECD001.1.4.01.021;BANCO DO BRASIL C/C 39.500-5 - MN UFRJ VOTORAN;35001006;
FECD;A1.3.3.03;Salários, Encargos e Benefícios;21301038;
FECD;FECD001.1.4.01.026;BANCO DO BRASIL C/C 7.869-7 - RIO PARAIBA DO SUL II;35001006;
FECD;FECD001.1.4.01.015;BANCO DO BRASIL C/C 21.098-6 - CRISTAL PM;35001006;
FECD;A1.3.2.04;Recarga em cilindros de ar respirável de 11 litros;21304025;
FECD;FECD001.1.4.01.053;BANCO ITAÚ C/C 99.849-8 - PROJETOS DIVERSOS;35001006;
FECD;GRANT001.1.1.04.13;MATERIAIS DE LABORATÓRIO;21704025;
FECD;FECD001.2.1.04;ISS;35002012;
FECD;PROJ001.1.1.10.19;EXAME MEDICO - PROJETOS;21501006;
FECD;GRANT001.1.1.01.99;ADIANTAMENTO PARA BOLSAS;21701004;
FECD;PROJ001.1.1.07.07;ISS;21506004;
FECD;A1.4.2.01;Bens;21304004;
FECD;PROJ002.1.1.01.01;INICIAÇÃO CIENTÍFICA;21501004;
